"#Wallet CloudBet.com (00007799c3a32009), page 119 from 1355, addresses 11801-11900. Updated to block 858849 (2024-08-28 18:07:06 UTC). Source: WalletExplorer.com"
address,balance,incoming txs,last used in block
1Jh3sp7WRsbMXNxxfLkCrBrGtDdmnMWU5z,0,16,435815
1CzfHMAV7j2J9yB2bQKTTQSCqWh3Sdnp72,0,16,435755
1GRsKM4uk7m75B5Sb2ahskPvd7zVcTjJTy,0,16,435755
1vonhekkiqZZ6dq5KT4ryvM1JkiFedobw,0,16,432796
14FgmBk9m8hLy6pMSLmF2Bz5srypu2Zm8m,0,16,432795
1MhiknvJWX49cAw4kkDZsmspuaVfiiD5A8,0,16,432795
14TTr2thG7VcfnDNJKWvzWYm23BU8Dio94,0,16,432794
14NSzbGwZymRVnuB9jDLsxuHYW6gGc8Q1L,0,16,431092
18BiDhVUM4eFRrGn2EPqx6pM8FFtVC4BsJ,0,16,431092
1FQNwWkLz6cYCksn5479MrzsXTqnhK9n8u,0,16,431092
1GmMKvifojk9LQiWqXcdkPticmj3BKGckU,0,16,431092
1HRWAq2mqdDARu61Fer8X3Cz8imqVF35Xj,0,16,431092
13SSWzuCErnFBoyeQpk23KFtDXRHBjvYmY,0,16,431091
1BzeJv5DbRS4HypSQwUHWHf8paNzLnbf2D,0,16,431087
1KZrFTVMhGcqjfMiNA17bp5eSkGiUoxQjQ,0,16,428535
16x22XKj8StPY9seiuPpmyRZZpn9ANy6ay,0,16,428531
1Mr8LMGfRrQ2vEPEEM6rHCmCH7uprHSgB3,0,16,428531
1Ks1Y375KNoyn6UKbSn1MDMPLS3r6EDziL,0,16,426855
1JcwBWkXwibF1DsCg5Sh72h33W51b1gBDo,0,16,426853
1MwVNz6CSW4tPHdBrxpw6Nnr17BXJ9MpsX,0,16,426853
1qfktjbuVhisz21beptBg7uUZByoLkD2o,0,16,426852
1D4fsRY1npaXRLAAogkCLX4TYPsbs9vaWV,0,16,421648
1JkYTbWbbWgbeJ9n9L9oPMHB9DVx9A5kd7,0,16,421648
1Fxv2LkEsqhVMiXHZn9pfY8udxKKtDgfqn,0,16,421646
18i6ShVFArj15YAfTnXuByaNAVC9dYwLfZ,0,16,421285
1BNhanFL8btqwh8CfVHa2Jkfc4h6yVyXDz,0,16,421285
1EMWyNLuR59rMcimhq849k1vcbXS163mXZ,0,16,421285
1LDYHiWNdFWnqn7x8QHsEuuQQbsiPzP1ge,0,16,421285
16oyEXDpZq3guq1FVhggRx2HbtkNwPztjp,0,16,421284
1JBB6uChyGxhnxJko92cib4yDHZPpx77bb,0,16,421284
1PDuhNL2QPXw9Yy1PDSMZL9BTUCWEYbEZB,0,16,421284
15q9SJb6x39rniYagz36HHuueDR6PyTiqy,0,16,421283
18zgw1CbhETs7NSfwoci8QvvFGFCPTZomE,0,16,421283
1CW1JxrXc3DvTDfjpok9tYGkyDdETzXwjM,0,16,421283
1EksysUgrtLyCfmYevQmcqPHaFjWHy5UhU,0,16,421283
1EpLC7VZFoWyJmB82mxJU25pX9hpX596Ph,0,16,421283
1L5BfHmujUXXRML6xH2Wfo5rBFfFkquEuQ,0,16,421283
1McV8UQNSs5JBTiHTKVmSbcYyDQQrfoE9o,0,16,421283
1Y9kc1yLHHu9kCHEgdkvwV9Q92J6hvaHA,0,16,421283
1FUG9s5bHs6A1Ayq6eaEqNvjEtE4bbm3gN,0,16,421278
1JQ744Q4zUiwKGZAfh3K4PBYEw9Aor77NY,0,16,421278
1JjMxb4JzZD1GUh5FKoQjrXQEoKPQpg9AG,0,16,421278
1F2FG7h6udovCr846SVx3AQ9ZzQLXGNcEz,0,16,421277
145fvUT6UaQ7aCDmKakMu19eQR5kXXWGTi,0,16,421276
17UaeNxewX6CwEpS7ubQme854v1VqUcK4V,0,16,421276
19HPGA4meFvPnPmqCaJgJ26URCqMo81mvE,0,16,421276
1BM4NdCPZCwFT927bs43D21ihCPkpxswYo,0,16,421276
1MFQ1dHTd4d1zxnbZTsisZkTUWTEf1Vkb2,0,16,421276
1JeJ13CrFLjh44uxLLckgcRpLnTWLz1ofh,0,16,421275
13Eb95LUNzoZiKmAPAkwa8H8rhpWFqH1NN,0,16,421267
1FWyVoetQ3a8f6wQJNLMzw821LC4EqjhDD,0,16,421267
13Mp34sMFtdDoxoHPgJ9xaoSsd1jjf4kVk,0,16,421261
1BnkBgn1S8cjngcr2kJsoy1Dnvb5hFSEz1,0,16,421261
1LTuFjN4tHzahKdukf5yWi76bkb4q6xJbu,0,16,421261
14aFLjhpujhTdqML65bLHbEZoQvn7nG3Um,0,16,421260
18vYjkDLJMioasdYkt8xJ6enLfdhfto6tn,0,16,421260
1HhGQND31vsj3DvcdBrSBdqohR6yZt5syh,0,16,421260
15NoWC3DG4SXi5ocuzYd72b9x6r4ju43Cy,0,16,420588
1C1c1JtF9Qr4PAHbMjSXeUMETMkapDq6BR,0,16,420588
1MdPAEH9tvvy1DGCaAYHbD7NxuV4UXcR6s,0,16,420587
13fZvX7cGPq2c1YrhV6Lxh8f2oecUpuYxp,0,16,420584
17a7u6ecbx4AwvT8GDS74jV87odTsarYms,0,16,420571
1CTQC1ftWHYjS43sUM5PruMZrwjcTqpEbs,0,16,420568
14MwAGzh8TTJR7hYNeDh41uXdfDkifQtJt,0,16,419699
13u5SsqsXUEJNvJ4cUM2g7coeNVgzRXTsQ,0,16,419698
1Ffz2Lq7i4wgYBhGe1YZFnA89LVzVkUqwY,0,16,419692
17RCkTLSPyPVivKZ2A9Veyn4JVdfxaEb3b,0,16,419236
16q2V28cX9GadUbAJ8TcYSFkSgTcqZqWnj,0,16,416548
1AoZF7kduKimKw2MQK7c8RtpbJfUcjWs7Z,0,16,416095
16noWLts18YDrgDv12faXFPZPWUQY4CdqB,0,16,415329
1GuxMkJnhiA2nbNaEemzAcnwqzRVQcxTAn,0,16,414467
13xQ1PJrrSrxgWZx5xnrqWjaz2GPyjEUJa,0,16,412449
18Moch9U4v2mvRa9nfLg2g5txMVghTiMkd,0,16,412449
1CbLLVkcntmJYWrjwNHhsz2LUSmTzAY629,0,16,411139
1CC5uJTUwiXAXn8eFn9T2raJQUPtdaTRUj,0,16,410459
1EKvUAo2HJAyStMfambAV8kEApDstkWPVq,0,16,407518
1LcsrZkH6KEQBEE8sYQTdx8hrXc9EuaUDp,0,16,405829
1LDc7FZT32C6Ah85yxiYPMVXkAjyfFgG38,0,16,402236
157LZRWgG1JEe973WEaFpLG9mkVqGkU9uF,0,16,394127
15NnKB7P4Tq4MumxtJbi3q1EBdGDyxm9Kw,0,16,393071
13GtPUi64qN9KjcQk4KjHLVxYvAx3HrjZG,0,16,388495
1798477abeJgrXGQtAENLhbUDPjJoPBWNT,0,16,387673
16NYZYHb8bGGSFfGLujdbhtr1hrtY8B3ZX,0,16,380823
1AQ7N5Lkysik3jBpv1xWbpDngkqAob5e7M,0,16,380813
154CwBd2jsbwRtR1owQUMC3DBNuUGDHTzu,0,16,379009
18VTA17aWhzUQLE7Wf7ewYJV9vdiLNYSut,0,16,373405
1HwVh6te9Kapf6dcnWa9qB5Nb41yhEHP2Z,0,16,360417
1AoaaMMwhnb9Wq1mmx1fovU61v1HmHqSJN,0,16,357102
121J8Tsfm18tQysXJUvCQfCdyhPW9zUgdP,0,16,352974
16GVKZvEWkKp7moyJM8s4YRkHHLjnyKUdL,0,16,352108
1BE6hX3FaxVwq1i3aKPsMXzjQhCDF7uQt7,0,16,350372
1Eyu1xcsAXcPShrrgy83ef8Vkjd8RLWmL6,0,16,348831
1v5G7un9RYRYq6vFHKZVuw8HuBvzt4qZg,0,16,343739
1JFhyhk9xwDYnajs3sYx3XdAfMUnS4kyqj,0,16,343738
1JUQvpLPeFJR4Dr1XsowTqiatogGSXkKKf,0,16,343725
1Ns1Unr5BvnP982g8euPQSXpaY1S5w2cYG,0,16,343723
1MDJDSWj4AGG4EX3Eu5frmJ1rkzsLRozHG,0,16,342724
1uJk38tGXgwj1mCtPs2gqNHmQka3YrbSH,0,16,342702
1BEWNTiML8Jwe2CRxKiy4b1PjYKjYUpky9,0,16,341162
1AS99SXrVN285hpSNBsq27JubKjNPv2rsg,0,16,340549
