"#Wallet CoinGaming.io (0000069b11f12f9b), page 65 from 6599, addresses 6401-6500. Updated to block 861040 (2024-09-12 17:34:39 UTC). Source: WalletExplorer.com"
address,balance,incoming txs,last used in block
1DMskMvJmnBnuVz2VE6pKqCkmxz2fS5ZeV,0,5,326278
16YEZAiV5fphWRepbonmhPhfUwGktU1jAV,0,5,325889
1PHJMhEQZhcY7gm62K7nru8VSZg7jCxTdS,0,5,325486
1LdEevtTLo3r9jwMnZUCTgYNCTq2qau92o,0,5,325475
188Yp9MhoqYp2cnmLNLfpb3aJsMF4jy9yV,0,5,325461
1MQVKjtetu1HLELEBHZTho5TMtczw5xT2m,0,5,325259
1NNrAnEWd3b2A2NC2X1DKGcWM9ZqNLw6m8,0,5,325037
1ADN8LbPNSMFvWk32XT35JxuXHPpKcdHRL,0,5,325010
1VM4kXctJvburFkb8QgUpFecfKtkKkdbr,0,5,324978
1PftvBd7gyuAjVo3PwJnQfvEr3y68Ft5xD,0,5,324822
1NvBJcWxKU42oSFpvEMCv9hJeF19M3xXCZ,0,5,324735
1652QjrPJgaDUGJESJEzgNSTYJFTDKV1To,0,5,324592
1B9fqx5GZRP3vKAhhqPDcmG4JseAVUCzxR,0,5,324585
1GpUSWyw93iyVf4ULV6PVYpQgrKdXjB3Mn,0,5,323966
17cd1YAH493A7yGfZQot2TpL5ZEZcyCjVL,0,5,323945
1Ld5Rb8G6bNMb4dWz9e4gwdRBxbuGG1P8f,0,5,323735
1MjL5757xtozAUb33jdJRUQvvKRxQdbaNg,0,5,323116
1NXU3D9EZWhT7uL1qPNitvVVyCZ8VuzkAu,0,5,323116
14D3ix5nMR9Ugqga7PphWx5n1RhfZMA9Ss,0,5,323049
1287H6w1CEEvSsVJS2ebMfQGLidpr9dwH2,0,5,322979
1Cb8Q8UrffqeM6x434CdzXGAjqY7RaDMLn,0,5,322979
13wVM4jHSpXy1Rxdo6sDdsmj6eULqVf8s9,0,5,322871
15Tm9iaoSwxUffz7unuvYSQzp6Eh4onQ1J,0,5,322709
1Ce7CUjzqXwNC6uMD3CRApRdyRXCbLdsLj,0,5,322633
1aa4U3tSDyDdFfMviLNHvxEYuT89agK1T,0,5,322611
194b52eyxDE5BWdPcGdZ6xj6r4Yu7FVE7z,0,5,322590
1GDAp65RbmMi56oGHt16D2jPTVtPG8CxuH,0,5,322590
1BEpoqHBPa1wSkAF84sVvRMptkB4wXFxpn,0,5,322523
1MbPaMJo16wdzinDkTBVciJoh73ExwPfVX,0,5,322188
12YUMGUixpfSU43YhuJU8fs2jZFobDqnTT,0,5,322106
1JKMwNyXekZsJmqLKv4HNijJRJuPyQ5eEE,0,5,321613
1AiXsttUprpQrL6hfoiaFxr9Vr2XH6JGMt,0,5,321276
1FMyvZkSZcKp9zQMDJRv8bEa7oKXa91wXv,0,5,320979
1MHmHgK4vCxZVtPHZh2h5N2vXZcBbVjBNP,0,5,320485
1Au4dBcuaiGxNThig6b3Ms5MREnS8UWbcf,0,5,320433
18SP9bL3BeHGYSxKL8mXijsDSagQ2xzRDD,0,5,320069
1JGsT6Ugpm545gNfKnkL6Wpgvi6BDPYBvA,0,5,320069
1thX6neunMh5Zz7hKm5yL8NUReRDwLVfN,0,5,319602
16D495AbuDHq7rnwpqEn1UyTCKLBkTBcKm,0,5,319380
1Lif2GfTuEQ7zP2kgdBCKcGb7r6dcSeYWY,0,5,318972
1KmrdANC6Zd1bUqhoDgJbVsxB8Z1aWDN7e,0,5,317991
1AKVvevtPVeCps2Xkb8b9FfVC9434j1JuX,0,5,317781
12BaYs7T4vqRwqmkqeTFNT8JBucSgNSwUF,0,5,317520
17AUMsiEg8UkbvzSVrs7mBhXHLqtBaniJR,0,5,317515
1Hb3VQyc5ufthbK7z75JnXqkbHM7oomBbs,0,5,317458
1K6X2E4tHQjRZDXnCp3ziJ3QPa551ALWGJ,0,5,316154
1NyP8L5vY8hVdYzjRewvmzZMFS9i3YCPxh,0,5,316151
1HoULF7YiM2dRbN3HDUugA8tgbmC9J42M9,0,5,315308
1BFvxjizB2tS7WC4DLG7brErpLDba4s98n,0,5,314939
1MGHcLjTDuaxL3bsK4dbEinFDecxkMrMxC,0,5,314360
19cwfhwohKmTFWwbsPG1ftoMZtsi3xFmzS,0,5,314352
12EUQzq9Kid2zMN3mPFuMMrHwYogLmM3Sz,0,5,313978
1F21nPPboJk2iYZNt5LqcRxcvRTpDbsaoo,0,5,312822
129UsGYxajxom8bfaoHyx8yshujgEyH81T,0,5,312753
1JJ87ynJtReVFUaMzwPKtyAicHQeEPVfbt,0,5,312304
1N3qWv697LYVKpkf4b36WedPArnVn8ipTM,0,5,311604
1J8ZA1dSDLLfkxMEVrVt6G7okc5pG5LUVz,0,5,310924
1FMq3K1mv51rQ8zg7xuZezDpZC56kFStT,0,5,310154
1JhQeG6iFTXKBCEjaPogfgaNiZoh7aK42F,0,5,309813
1E1SF3QdUndbrTubJ41wvokL3onag3NvDN,0,5,309461
19w64oWC1REZFDC4ccPPEHWY239d2EdaFd,0,5,309297
1A6FrN8cp7tCfskzBrRufX6Z2y1cSpqAT4,0,5,307266
162Hxgv1QNisBNbjdPM6xUB3jUgQky4mWj,0,5,306989
1Hw6ATpL5KKPYER1izCzzbhcDLdMDTxVhu,0,5,306513
155YaDV95oRLzbGZD5knYcXmHdSs1SimYR,0,5,305421
1Ec9HB3qtHj2WFu4Yef6caMHkhPqeTENAJ,0,5,305285
1D3gX3cxNuqJ3rfqvhckXKGPtQUwjW9oCE,0,5,305163
1PFXn2NMA6B5V5adi8Y3riZ4SZd7X6A2pd,0,5,303244
1ADBHnQTKbUjU7LRdE3qcop499ifPdr7gF,0,5,303017
191Gjdb7BrGbeMDEKE985qDgRrck3iyjrU,0,5,302552
1Ge81DFpmP5dnRvYpABMXbzfKRu6WwLxpe,0,5,300261
1EntW9Mu21PSDKwmxVDPXZmu2yXCNeVFZ1,0,5,299143
1C7T6saKq9nFjx6VCdssrgnoZUPeykgSV8,0,5,299005
12aHNht6GTT4HSL2rg55XmpWBPL3EfDTtu,0,5,297437
197QuwA5DEaTYewztm8uTicPeTJMRzcRyq,0,5,297425
142pWRT2oZPYvjwFhhGVXpyEX89ju9gr8E,0,5,297104
1Lt8su6fod6vW1RmMMLABw59Wwbidcf7ko,0,5,296262
14vKvTA6k9wk3rRckrDeUDJ9NzCzVyiC1X,0,5,295155
1ApmcckGYbdUAgEh7xRPUzgo1sGjitDDq2,0,5,288534
1E5CD6nGbAwi1RvYJF4Q5xJVTpXvGnaPir,0,5,285911
1FZPgC7m5H5WfcJ4AjbktrAfVNahjewVcE,0,5,285911
1EEguyTa3HPzZNQ2L8BpgG2Cx3bCucqbWc,0,4,685295
14jHsu5dLdQkGNHVKVmhzGSQVkc2VfhnH9,0,4,632817
1EWaBdvxXHATzeqyvg9Tt8XJgiZfYREMMR,0,4,632817
1DVycMFvP845X5Q24Ls1dBRE46GQaEBddt,0,4,531482
1FuVFc11gSmPjURjhD7G92Weg8pzg4VXmw,0,4,531376
16oYJ679NFHZa1xLn6tGCkuXYgAQSewqTD,0,4,531127
1JDDga57koe1bvVdyNBZq9LZS1gqocZs2e,0,4,531127
1PxA6tSyDypmyNLNKa7V9H9BSrtEhc6Ufb,0,4,531127
1Q9UWncEgdWxUYY69mqkAw5t7qq1k4pxqu,0,4,531127
125p6S6UW4eyhabyv6QyKPqQSZYz5DUxmH,0,4,531123
12PHWNUfdD3HSf13hEtUR7JXhz3e9EEh1m,0,4,531123
15R64fBwQFPWFCzfjh9eXjt9h81xPEqjfP,0,4,531123
15kgErTTGhcTorRG8WWLrrw7ov5fQkpPjc,0,4,531123
167Kg1RPXuLvVjBC9KBEeEb53onuoUt6YB,0,4,531123
18bGdgRZ6DowTJ1cayXQTUKuKx8s7mGTYp,0,4,531123
19R6KwsJ2ib3GJ1jz5wvKdqyJDzEfUrzMP,0,4,531123
1B2cFNKSvqHWNw2UQdygg6iffDVtvZSehM,0,4,531123
1DgWFqx9C4Vx1sQQ4QKhvUrUyvwPGtZpKL,0,4,531123
1GHgcFwCSxdZRdyBzLMGYHF4LjnuR1Rpii,0,4,531123
